Column_Header,Description,Other
PCD,UK Postcode (frozen for 2011),More info at https://www.ons.gov.uk/methodology/geography/geographicalproducts/postcodeproducts
PCD_Source,The governmental organization responsible for supplying the postcode,"ONS, NISRA or NRS"
X_BNG,Postcode easting for British National Grid/OSGB 1936 (EPSG:27700),More info at http://www.spatialreference.org/ref/epsg/27700/
Y_BNG,Postcode northing for British National Grid/OSGB 1936 (EPSG:27700),More info at http://www.spatialreference.org/ref/epsg/27700/
X_IG,Postcode easting for Irish Grid/TM65 (EPSG:29902),More info at http://www.spatialreference.org/ref/epsg/29902/
Y_IG,Postocde northing for Irish Grid/TM65 (EPSG:29902),More info at http://www.spatialreference.org/ref/epsg/29902/
X_Latitude,Postcode easting for World Geodetic System/WGS84 (EPSG:4326) - Latitude value used for GPS co-ordinates,More info at http://www.spatialreference.org/ref/epsg/4326/
Y_Longitude,Postcode northing for World Geodetic System/WGS84 (EPSG:4326) - Longitude value used for GPS co-ordinates,More info at http://www.spatialreference.org/ref/epsg/4326/
Total_Persons,Usually resident persons in postcode,
Females,Usually resident females in postcode,England/Northern Ireland/Wales
Males,Usually resident males in postcode,England/Northern Ireland/Wales
Occupied_Households,Usually resident households in postcode,
LSOA_DZ_Code,2011 census Lower Super Output Area (LSOA) and Data Zone code,
LSOA_DZ_Name,2011 census Lower Super Output Area (LSOA) and Data Zone name,
OA_SA_Code,2011 census Output Areas (OAs) and Small Areas,
OAC_Supergroup_Code,Output Area Classification Supergroup code (2011),More info at http://www.ons.gov.uk/ons/guide-method/geography/products/area-classifications/ns-area-classifications/ns-2011-area-classifications/index.html
OAC_Supergroup_Name,Output Area Classification Supergroup name (2011),More info at http://www.ons.gov.uk/ons/guide-method/geography/products/area-classifications/ns-area-classifications/ns-2011-area-classifications/index.html
OAC_Group_Code,Output Area Classification Group code (2011),More info at http://www.ons.gov.uk/ons/guide-method/geography/products/area-classifications/ns-area-classifications/ns-2011-area-classifications/index.html
OAC_Goup_Name,Output Area Classification Group name (2011),More info at http://www.ons.gov.uk/ons/guide-method/geography/products/area-classifications/ns-area-classifications/ns-2011-area-classifications/index.html
OAC_Subgroup_Code,Output Area Classification Subgroup code (2011),More info at http://www.ons.gov.uk/ons/guide-method/geography/products/area-classifications/ns-area-classifications/ns-2011-area-classifications/index.html
OAC_Subgroup_Name,Output Area Classification Subgroup name (2011),More info at http://www.ons.gov.uk/ons/guide-method/geography/products/area-classifications/ns-area-classifications/ns-2011-area-classifications/index.html
WIMD_2014_Rank,Welsh WIMD 2014 rank (based on 2011 LSOA),More info at http://gov.wales/statistics-and-research/welsh-index-multiple-deprivation/?lang=en
EIMD_2015_Score,English Index of Multiple Deprivation (EIMD) 2015 score (based on 2011 LSOAs),More info at https://www.gov.uk/government/statistics/english-indices-of-deprivation-2015
EIMD_2015_Rank,English Index of Multiple Deprivation (EIMD) 2015 rank (based on 2011 LSOAs),More info at https://www.gov.uk/government/statistics/english-indices-of-deprivation-2015
EIMD_2015_Decile,English Index of Multiple Deprivation (EIMD) 2015 decile (based on 2011 LSOAs),More info at https://www.gov.uk/government/statistics/english-indices-of-deprivation-2015
SIMD_2016_Rank,Scottish Index of Multiple Deprivation (SIMD) 2016 rank (based on 2011 Data Zones),More info at http://www.gov.scot/Topics/Statistics/SIMD
NIMDM_2017_Rank,Northern Irish Multiple Deprivation Measurements (NIMDM) 2017 rank (based on 2011 SOAs),More info at https://www.nisra.gov.uk/statistics/deprivation/northern-ireland-multiple-deprivation-measure-2017-nimdm2017
LSOA_DZ_Townsend_Deprivation_Score,Townsend Deprivation Index score of Lower Super Output Are (LSOA) and Data Zone,More info in 'UK Townsend Deprivation Scores from 2011 census data.pdf'
LSOA_DZ_Townsend_Deprivation_Quintile,Townsend Deprivation Index quintile of Lower Super Output Are (LSOA) and Data Zone,More info in 'UK Townsend Deprivation Scores from 2011 census data.pdf'
OA_SA_Townsend_Deprivation_Score,Townsend Deprivation Index score of Output Area (OA) and Small Area,More info in 'UK Townsend Deprivation Scores from 2011 census data.pdf'
OA_SA_Townsend_Deprivation_Quintile,Townsend Deprivation Index quintile of Output Area (OA) and Small Area,More info in 'UK Townsend Deprivation Scores from 2011 census data.pdf'
